signal_id,iso3,text
TXT-001,KEN,Connectivity gaps and data protection capacity need local review before AI pilot expansion.
TXT-002,JOR,Youth unemployment and service access pressure require training support and stakeholder coordination.
TXT-003,GHA,Programme team reports stable governance signals but requests better monitoring dashboards.
TXT-004,BGD,Flood exposure and digital exclusion may affect safe rollout of public service analytics.
TXT-005,PER,Regional teams need climate risk monitoring and clearer data sharing protocols.
TXT-006,HTI,Crisis conditions privacy risks and weak institutional capacity require human review before automation.
TXT-007,NPL,Mountain connectivity barriers and climate exposure complicate digital service delivery.
TXT-008,RWA,Capacity building is requested for data quality checks and monitoring routines.
TXT-009,TUN,High unemployment and data protection gaps should be reviewed before analytics scale-up.
TXT-010,FJI,Climate exposure requires continuity planning and local validation of digital indicators.
